Start,arrivals,departures
"Abbey Orchard Street, Westminster",20628,16523
"Aberdeen Place, St. John's Wood",4394,6052
"Aberfeldy Street, Poplar",2020,2053
"Abingdon Green, Westminster",22636,18443
"Abingdon Villas, Kensington",7390,7582
"Abyssinia Close, Clapham Junction",5703,5483
"Ada Street, Hackney Central",15651,15480
"Addison Road, Holland Park",4465,4552
"Albany Street, The Regent's Park",9247,11406
"Albert Bridge Road, Battersea Park",13228,13630
"Albert Embankment, Vauxhall",9465,10345
"Albert Gate, Hyde Park",54602,53893
"Albert Square, Stockwell",9255,10435
"Alderney Street, Pimlico",13243,14441
"Aldersgate Street, Barbican",25519,24863
"Alfred Place, Bloomsbury",16821,16465
"Alfreda Street, Battersea Park",8666,8735
"All Saints Church, Portobello",17786,18245
"All Saints' Road, Portobello",5223,5509
"Allington Street, Victoria",34124,33849
"Ampton Street , Clerkenwell",8241,9578
"Ansell House, Stepney",13535,14825
"Aquatic Centre, Queen Elizabeth Olympic Park",40786,40522
"Archbishop's Park, Waterloo",7717,7260
"Argyll Road, Kensington",8278,8341
"Arlington Road, Camden Town",9619,9652
"Arundel Street, Temple",8691,8155
"Ashley Crescent, Battersea",7641,8015
"Ashley Place, Victoria",26943,25314
"Ashmole Estate, Oval",8542,9389
"Aston Street, Stepney",5718,6265
"Austin Road, Battersea Park",11214,11883
"BBC White City, White City",8312,7696
"Baker Street, Marylebone",12812,12808
"Baldwin Street, St. Luke's",13540,13396
"Bancroft Road, Bethnal Green",7085,8017
"Bank of England Museum, Bank",27074,25014
"Bankside Mix, Bankside",26624,23307
"Barbican Centre, Barbican",12201,11855
"Bath Street, St. Luke's",21486,21062
"Battersea Church Road, Battersea",9509,10248
"Battersea Park Road, Nine Elms",10330,11114
"Battersea Power Station, Battersea Park",22770,24122
"Bayley Street , Bloomsbury",20074,18208
"Baylis Road, Waterloo",29620,28403
"Beaumont Street, Marylebone",10870,11151
"Bedford Way, Bloomsbury",8841,9142
"Belford House, Haggerston",5306,7260
"Belgrave Road, Victoria",18319,18226
"Belgrave Square, Belgravia",6978,7138
"Belgrove Street , King's Cross",83472,84254
"Bell Lane, Liverpool Street",13221,12542
"Bell Street , Marylebone",10159,10877
"Belvedere Road 1, South Bank",20439,18032
"Belvedere Road 2, South Bank",13924,13058
"Bermondsey Street, Bermondsey",19780,20128
"Berry Street, Clerkenwell",22721,21377
"Beryl Road, Hammersmith",8123,8389
"Bethnal Green Garden, Bethnal Green",11540,12462
"Bethnal Green Road, Shoreditch",40531,40030
"Bevington Road West, North Kensington",11209,11439
"Binfield Road, Stockwell",17410,17289
"Birkenhead Street, King's Cross",17977,17420
"Bishop's Bridge Road East, Bayswater",5999,7115
"Bishop's Bridge Road West, Bayswater",15865,16468
"Black Lion Gate, Kensington Gardens",53005,52978
"Black Prince Road, Vauxhall",12687,13266
"Blackfriars Road, Southwark",14645,14029
"Blenheim Crescent, Ladbroke Grove",10469,10654
"Bolsover Street, Fitzrovia",15641,16303
"Bonny Street, Camden Town",14288,14682
"Borough High Street, The Borough",12540,12777
"Borough Road, Elephant & Castle",11563,11419
"Boston Place, Marylebone",18629,22603
"Bourne Street, Belgravia",9485,9388
"Bouverie Street, Temple",18945,16983
"Bow Church Station, Bow",10769,11077
"Bow Road Station, Bow",9834,10447
"Braham Street, Aldgate",19960,19405
"Bramham Gardens, Earl's Court",13953,15109
"Breams Buildings, Holborn",10870,10549
"Brick Lane Market, Shoreditch",15975,15832
"Bricklayers Arms, Borough",16010,16501
"Bridge Avenue, Hammersmith",11067,10884
"British Museum, Bloomsbury",19226,18853
"Broadcasting House, Marylebone",14813,14244
"Broadley Terrace, Marylebone",3272,4008
"Broadwick Street, Soho",14715,14130
"Brook Green South, Brook Green",7500,7716
"Broomhouse Lane, Parsons Green",4436,4772
"Brunswick Square, Bloomsbury",12572,13072
"Brushfield Street, Liverpool Street",51490,41916
"Bruton Street, Mayfair",10209,10031
"Buckingham Gate, Westminster",18574,16327
"Bunhill Row, Moorgate",22998,19885
"Burdett Road, Mile End",9225,9275
"Bury Place, Holborn",11768,11229
"Butler Place, Westminster",8922,8090
"Buxton Street 1, Shoreditch",5829,6712
"Cadogan Gardens, Chelsea",17313,16428
"Cadogan Place, Knightsbridge",10579,9122
"Caldwell Street, Stockwell",10632,9349
"Calshot Street , King's Cross",4018,5259
"Campden Hill Road, Notting Hill",4353,5511
"Cantrell Road, Bow",2249,2205
"Carey Street, Holborn",5826,5505
"Carnegie Street, King's Cross",6176,8952
"Cartwright Gardens , Bloomsbury",13515,14843
"Castlehaven Road, Camden Town",15260,15653
"Central House, Aldgate",16735,16682
"Cephas Street, Bethnal Green",7134,8147
"Chadwell Street, Angel",13402,15710
"Chancery Lane, Holborn",8755,8181
"Chapel Place, Marylebone",15219,14130
"Charing Cross Hospital, Hammersmith",8827,9183
"Charles II Street, West End",16896,14722
"Charlotte Street, Fitzrovia",12847,12553
"Charlotte Terrace, Angel",6275,8488
"Cheapside, Bank",38437,36370
"Chelsea Bridge, Pimlico",9165,10145
"Chelsea Green, Chelsea",7927,8129
"Chepstow Villas, Notting Hill",7688,9619
"Cheshire Street, Bethnal Green",6581,7517
"Chesilton Road, Fulham",11749,12502
"Christian Street, Whitechapel",11333,13135
"Christopher Street, Liverpool Street",16334,13618
"City Road, Angel",9751,13312
"Clapham Common North Side, Clapham Common",10385,10934
"Clapham Road, Lingham Street, Stockwell",5575,5718
"Claremont Square, Angel",5420,8516
"Clarence Walk, Stockwell",5067,5806
"Clarges Street, Mayfair",6676,6219
"Clarkson Street, Bethnal Green",5792,7056
"Claverton Street, Pimlico",5610,6567
"Cleaver Street, Kennington",5734,6064
"Clerkenwell Green, Clerkenwell",20949,20519
"Cleveland Gardens, Bayswater",6844,8053
"Cleveland Way, Stepney",20956,21072
"Clifton Road, Maida Vale",9156,9986
"Clifton Street, Shoreditch",10073,9147
"Clinton Road, Mile End",9070,9108
"Cloudesley Road, Angel",6635,11309
"Colet Gardens, Hammersmith",1426,1388
"Collingham Gardens, Earl's Court",7976,8734
"Colombo Street, Southwark",5080,4784
"Columbia Road, Shoreditch",12853,14598
"Commercial Street, Shoreditch",11730,11302
"Concert Hall Approach 1, South Bank",11310,10431
"Concert Hall Approach 2, South Bank",13464,10905
"Coomer Place, West Kensington",12861,13158
"Coram Street, Bloomsbury",7041,8257
"Cotton Garden Estate, Kennington",6003,6805
"Courland Grove, Wandsworth Road",7256,7947
"Crabtree Lane, Fulham",6905,7184
"Cranmer Road, Stockwell",11875,11670
"Craven Street, Strand",39591,38871
"Crawford Street, Marylebone",12856,13205
"Crinan Street, King's Cross",7288,7277
"Crisp Road, Hammersmith",14951,14396
"Cromer Street, Bloomsbury",6863,7286
"Crosswall, Tower",39857,37806
"Culvert Road, Battersea",4029,4401
"Curlew Street, Shad Thames",22582,22112
"Curzon Street, Mayfair",9523,8192
"Danvers Street, West Chelsea",8974,9187
"De Vere Gardens, Kensington",12332,13417
"Denyer Street, Knightsbridge",7035,6563
"Derry Street, Kensington",26240,25780
"Devonshire Square, Liverpool Street",15916,15492
"Devonshire Terrace, Bayswater",13659,14976
"Dickens Square, Borough",4876,5438
"Dock Street, Wapping",13255,13261
"Doddington Grove, Kennington",10914,11476
"Doric Way , Somers Town",18182,20952
"Dorothy Road, Clapham Junction",6769,7354
"Dorset Square, Marylebone",15613,15128
"Drayton Gardens, West Chelsea",16734,16769
"Drummond Street , Euston",5924,8184
"Drury Lane, Covent Garden",25451,23254
"Duke Street Hill, London Bridge",45238,42341
"Dunston Road , Haggerston",24507,26660
"Durant Street, Bethnal Green",10214,12068
"Eagle Wharf Road, Hoxton",25412,30410
"Earnshaw Street , Covent Garden",16540,15679
"East India DLR, Blackwall",5799,5160
"East Road, Hoxton",11106,11950
"Eastbourne Mews, Paddington",13590,16080
"Eaton Square (South), Belgravia",6743,6676
"Eaton Square, Belgravia",6722,6841
"Ebury Bridge, Pimlico",10354,11269
"Eccleston Place, Victoria",24776,24279
"Edgware Road Station, Marylebone",9567,12009
"Eel Brook Common, Walham Green",7969,8401
"Elizabeth Bridge, Victoria",19703,17562
"Elysium Place, Fulham",5094,5797
"Embankment (Savoy), Strand",13787,11990
"Emperor's Gate, South Kensington",9508,9678
"Empire Square, The Borough",12477,12442
"Endsleigh Gardens, Euston",21455,23214
"Erin Close, Walham Green",15850,15439
"Ethelburga Estate, Battersea Park",21321,21625
"Euston Road, Euston",11454,12736
"Euston Square Gardens, Euston",8168,8784
"Everington Street, Fulham",8078,8529
"Eversholt Street , Camden Town",6652,7430
"Evesham Street, Avondale",3381,3313
"Exhibition Road Museums, South Kensington",20015,19343
"Exhibition Road, Knightsbridge",33274,30364
"Falcon Road, Clapham Junction",21276,20627
"Falkirk Street, Hoxton",7347,8108
"Fanshaw Street, Hoxton",12743,14939
"Farm Street, Mayfair",6355,5630
"Farringdon Lane, Clerkenwell",12020,11928
"Farringdon Street, Holborn",8382,8337
"Fashion Street, Whitechapel",9342,8911
"Felsham Road, Putney",6375,6122
"Ferndale Road, Brixton. ",6620,6211
"Finnis Street, Bethnal Green",7857,8653
"Finsbury Circus, Liverpool Street",37378,32733
"Finsbury Leisure Centre, St. Luke's",25914,26135
"Finsbury Library , Finsbury",9062,9811
"Finsbury Square , Moorgate",23106,20381
"Fire Brigade Pier, Vauxhall",13307,14731
"Flamborough Street, Limehouse",20000,20286
"Flood Street, Chelsea",23111,23163
"Foley Street, Fitzrovia",12585,12330
"Fore Street Avenue, Guildhall",9111,8106
"Fore Street, Guildhall",11181,10743
"Fournier Street, Whitechapel",17986,17485
"Frampton Street, Paddington",4354,5512
"Frith Street, Soho",18047,16698
"Fulham Broadway, Walham Green",29121,28992
"Furze Green, Bow",9322,9827
"Garnet Street, Shadwell",9452,10066
"Gaywood  Street, Elephant & Castle",9319,9758
"George Place Mews, Marylebone",10695,10722
"George Street, Marylebone",16196,14660
"Geraldine Street, Elephant & Castle",3286,3636
"Globe Town Market, Bethnal Green",11528,12229
"Gloucester Avenue, Camden Town",10865,11795
"Gloucester Road (North), Kensington",12762,12608
"Gloucester Road Station, South Kensington",24650,24753
"Gloucester Street, Pimlico",11594,12616
"Gloucester Terrace, Bayswater",8139,9028
"Godliman Street, St. Paul's",25832,23270
"Golden Lane, Barbican",12937,12494
"Golden Square, Soho",16790,15707
"Goldsmith's Row, Haggerston",13200,15117
"Good's Way, King's Cross",22307,22332
"Gower Place , Euston",10125,10908
"Grafton Street, Mayfair",8933,7457
"Graham Street, Angel",17522,20364
"Granby Street, Shoreditch",15839,16580
"Grant Road East, Clapham Junction",13254,12888
"Great Dover Street, The Borough",10475,11326
"Great Marlborough Street, Soho",26420,23135
"Great Percy Street, Clerkenwell",10593,11340
"Great Russell Street, Bloomsbury",15252,14664
"Great Suffolk Street, The Borough",11469,12066
"Great Titchfield Street, Fitzrovia",12256,12043
"Great Tower Street, Monument",35675,32783
"Green Park Station, Mayfair",30692,29534
"Green Street, Mayfair",19436,19207
"Greenland Road, Camden Town",17031,16135
"Greycoat Street , Westminster",5891,5797
"Greyhound Road, Hammersmith",10781,11141
"Grosvenor Crescent, Belgravia",5322,5442
"Grosvenor Road, Pimlico",6746,8063
"Grosvenor Square, Mayfair",13843,12036
"Grove End Road, St. John's Wood",8044,9346
"Guildhouse Street, Victoria",8690,8801
"Guilford Street , Bloomsbury",15381,15293
"Haggerston Road, Haggerston",13902,14510
"Halford Road, West Kensington",10651,10928
"Hammersmith Road, Hammersmith",12926,12952
"Hammersmith Town Hall, Hammersmith",4215,3699
"Hampstead Road, Euston",12569,15436
"Hampton Street, Walworth",11326,11897
"Handyside Street, King's Cross",10839,11733
"Harcourt Terrace, West Brompton",10722,11415
"Hardwick Street, Clerkenwell",4915,7384
"Harford Street, Mile End",6673,7276
"Harper Road, The Borough",8167,7706
"Harriet Street, Knightsbridge",15167,14480
"Harrington Square 1, Camden Town",3614,4439
"Harrington Square 2, Camden Town",9613,10661
"Harrowby Street, Marylebone",6720,7433
"Hartington Road, Stockwell",11645,11968
"Hatton Garden, Holborn",15895,17043
"Hatton Wall, Holborn",21835,21160
"Hawley Crescent, Camden Town",5925,5939
"Heath Road, Battersea",4387,4725
"Hereford Road, Bayswater",10524,11466
"Hertford Road, De Beauvoir Town",13459,15182
"Hewison Street, Old Ford",7945,8144
"Hibbert Street, Battersea",9804,9782
"High Holborn , Covent Garden",12806,12258
"Hinde Street, Marylebone",15384,14875
"Holborn Circus, Holborn",53028,36953
"Holden Street, Battersea",3775,4215
"Holland Park, Kensington",6205,7761
"Hollybush Gardens, Bethnal Green",7682,7862
"Holy Trinity Brompton, Knightsbridge",12566,11264
"Hop Exchange, The Borough",63174,46244
"Horseferry Road, Westminster",15628,14927
"Hortensia Road, West Brompton",9454,9805
"Houghton Street, Strand",6511,6460
"Houndsditch, Aldgate",13847,13193
"Howick Place, Westminster",21765,18198
"Howland Street, Fitzrovia",18144,17006
"Hoxton Station, Hoxton",6092,6973
"Hoxton Street, Hoxton",7781,8947
"Hurlingham Park, Parsons Green",3664,3888
"Hyde Park Corner, Hyde Park",70808,70311
"Ilchester Gardens, Bayswater",13947,15257
"Ilchester Place, Kensington",3335,3829
"Imperial College, Knightsbridge",19419,18153
"Imperial Road, Sands End",7840,7746
"Imperial Wharf Station, Sands End",18422,18235
"Import Dock, Canary Wharf",5691,5573
"Ingrave Street, Clapham Junction",2985,2844
"Irene Road, Parsons Green",7687,8334
"Islington Green, Angel",23819,24579
"Jewry Street, Aldgate",16866,16225
"Jubilee Gardens, South Bank",19394,16018
"Jubilee Plaza, Canary Wharf",9664,9412
"Jubilee Street, Stepney",7392,9103
"Kennington Cross, Kennington",17634,18200
"Kennington Lane Rail Bridge, Vauxhall",31847,31561
"Kennington Lane Tesco, Vauxhall",4428,4307
"Kennington Oval, Oval",10854,10836
"Kennington Road  , Vauxhall",9870,10894
"Kennington Road Post Office, Oval",9907,10145
"Kennington Station, Kennington",9376,9464
"Kensington Church Street, Kensington",12619,12835
"Kensington Gore, Knightsbridge",7862,8457
"Kensington Olympia Station, Olympia",6269,6668
"Kensington Town Hall, Kensington",5591,5767
"Killick Street, King's Cross",4674,5607
"King Edward Walk, Waterloo",4447,4752
"Kings Gate House, Westminster",10198,8843
"Kingsway Southbound, Strand",13416,12321
"Kingsway, Covent Garden",5102,5028
"Knaresborough Place, Earl's Court",8446,8722
"Knightsbridge, Hyde Park",11167,14173
"LMU Commercial Road, Whitechapel",11604,12065
"LSBU (Borough Road), Elephant & Castle",8419,8304
"Lambeth North Station, Waterloo",9134,9153
"Lambeth Palace Road, Waterloo",24146,23868
"Lambeth Road, Vauxhall",7867,7888
"Lancaster Drive, Blackwall",3461,3497
"Lancaster Gate , Bayswater",11056,14031
"Lansdowne Road, Ladbroke Grove",11182,11211
"Lansdowne Walk, Ladbroke Grove",2252,3093
"Lansdowne Way Bus Garage, Stockwell",3099,3522
"Lavington Street, Bankside",14441,13851
"Leman Street, Aldgate",26099,26085
"Leonard Circus , Shoreditch",27913,25380
"Lexham Gardens, Kensington",10691,11324
"Limburg Road, Clapham Junction",2465,2710
"Limerston Street, West Chelsea",25399,25366
"Lincoln's Inn Fields, Holborn",10802,10149
"Lisson Grove, St. John's Wood",4962,5946
"Little Argyll Street, West End",27736,25688
"Liverpool Road (N1 Centre), Angel",15461,15535
"Lollard Street, Vauxhall",11902,12953
"London Zoo Car Park, The Regent's Park",8222,8813
"London Zoo,  The Regent's Park",8060,8511
"Long Lane , Bermondsey",11065,11569
"Longford Street, The Regent's Park",6277,7469
"Lord's, St. John's Wood",3223,4149
"Lots Road, West Chelsea",8554,9133
"Lower Marsh, Waterloo",12854,12476
"Lower Thames Street, Monument",9860,9607
"Macclesfield Rd, St Lukes",9928,12834
"Maclise Road, Olympia",11192,11513
"Maida Vale, Maida Vale",10009,10090
"Malet Street, Bloomsbury",24566,24499
"Manresa Road, Chelsea",10578,10524
"Margery Street, Clerkenwell",9151,9830
"Marloes Road, Kensington",5143,5529
"Marylebone Lane, Marylebone",17844,16970
"Mexfield Road, East Putney",2466,2769
"Michael Road, Walham Green",8124,8326
"Millbank Tower, Pimlico",17345,16965
"Millennium Hotel, Mayfair",8056,7137
"Milroy Walk, South Bank",18232,17683
"Montpelier Street, Knightsbridge",16966,16060
"Montserrat Road , Putney",5167,4327
"Monument Street, Monument",23316,21235
"Moor Street, Soho",24055,22673
"Moorfields, Moorgate",29137,26972
"Morie Street, Wandsworth",2500,2238
"Mostyn Grove, Bow",6964,7596
"Murray Grove , Hoxton",6056,7431
"Museum of London, Barbican",18776,18707
"Nantes Close, Wandsworth",3942,4087
"Napier Avenue, Millwall",4321,4263
"Natural History Museum, South Kensington",15891,15068
"Nesham Street, Wapping",27724,27887
"Neville Gill Close, Wandsworth",6008,5686
"New Cavendish Street, Marylebone",14233,13808
"New Fetter Lane, Holborn",17035,17249
"New Globe Walk, Bankside",13554,13343
"New Kent Road, The Borough",9261,9734
"New North Road 1, Hoxton",2525,4515
"New North Road 2, Hoxton",4206,4947
"New Road 1 , Whitechapel",17515,17402
"New Spring Gardens Walk, Vauxhall",9576,8097
"Newgate Street , St. Paul's",38519,33735
"Newton Street, Covent Garden",9581,9154
"Normand Park, West Kensington",14831,15157
"Normandy Road, Stockwell",8047,8023
"North Wharf Road, Paddington",11585,12643
"Northdown Street, King's Cross",8416,9109
"Northington Street , Holborn",16486,16389
"Northumberland Avenue, Strand",24739,20241
"Norton Folgate, Liverpool Street",18434,15294
"Notting Hill Gate Station, Notting Hill",20005,24365
"Nutford Place, Marylebone",7231,7860
"Old Brompton Road, South Kensington",13136,13808
"Old Ford Road, Bethnal Green",11091,12101
"Old Montague Street, Whitechapel",11466,11694
"Old Quebec Street, Marylebone",25903,25492
"Old Street Station, St. Luke's",29713,28723
"Olympia Way, Olympia",7479,7869
"One Tower Bridge, Bermondsey",8368,8318
"Ontario Street, Elephant & Castle",15690,15562
"Orbel Street, Battersea",7100,7872
"Ormonde Gate, Chelsea",9847,9914
"Orsett Terrace, Bayswater",3220,3953
"Osiers Road, Wandsworth",8213,8444
"Ossulston Street, Somers Town",13899,14515
"Oval Way, Vauxhall",3666,3324
"Paddington Green Police Station, Paddington",4560,5591
"Paddington Green, Paddington",2402,3045
"Paddington Street, Marylebone",10400,10441
"Page Street, Westminster",18740,17775
"Palace Gardens Terrace, Notting Hill",12742,15281
"Palace Gate, Kensington Gardens",32274,32475
"Palissy Street, Shoreditch",7585,8799
"Pall Mall East, West End",18374,15041
"Pancras Road, King's Cross",8021,8313
"Panton Street, West End",19975,18317
"Park Lane , Hyde Park",34294,34351
"Park Lane, Mayfair",9522,9590
"Park Road (Baker Street), The Regent's Park",14032,14619
"Park Street, Bankside",8162,7718
"Parkway, Camden Town",10206,8885
"Parson's Green , Parson's Green",17227,17656
"Pembridge Villas, Notting Hill",7847,8938
"Penfold Street, Marylebone",4097,4827
"Penywern Road, Earl's Court",13872,14504
"Percival Street, Finsbury",10344,11333
"Peterborough Road, Sands End",4749,5335
"Phene Street, Chelsea",11227,11670
"Phillimore Gardens, Kensington",15741,15270
"Philpot Street, Whitechapel",10751,11774
"Pindar Street, Liverpool Street",20188,19122
"Pitfield Street Central, Hoxton",8325,10705
"Pitfield Street North,Hoxton",14275,16411
"Plough Terrace, Clapham Junction",4456,4958
"Pont Street, Knightsbridge",12380,11827
"Porchester Place, Paddington",16263,17054
"Portland Place, Marylebone",12278,12317
"Portman Square, Marylebone",11589,10949
"Pott Street, Bethnal Green",15014,15485
"Poured Lines, Bankside",11454,11045
"Prince Albert Road, The Regent's Park",11590,12334
"Prince Consort Road, Knightsbridge",9741,9166
"Prince of Wales Drive, Battersea Park",9867,10465
"Princedale Road , Holland Park",5930,6188
"Princes Square, Bayswater",6024,6929
"Pritchard's Road, Bethnal Green",18956,20328
"Putney Bridge Station, Fulham",10000,10071
"Putney Rail Station, Putney",4983,4924
"Queen Mary's, Mile End",12283,12844
"Queen Mother Sports Centre, Victoria",17375,16293
"Queen Street 1, Bank",37161,35939
"Queen Street 2, Bank",34722,27154
"Queen Victoria Street, St. Paul's",21429,19752
"Queen's Gate (Central), South Kensington",11069,10930
"Queen's Gate (North), Kensington",14000,14290
"Queen's Gate (South), South Kensington",10908,11098
"Queen's Gate, Kensington Gardens",26658,26768
"Queensdale Road, Shepherd's Bush",3490,3383
"Ram Street, Wandsworth",11502,11184
"Rampayne Street, Pimlico",14396,15209
"Ranelagh Gardens, Fulham",5127,5093
"Rathbone Street, Fitzrovia",10707,10449
"Ravenscourt Park Station, Hammersmith",9610,9123
"Reardon Street, Wapping",10814,11336
"Red Lion Square, Holborn",8983,8986
"Red Lion Street, Holborn",22647,22524
"Regency Street, Westminster",9674,10329
"Regent's Row , Haggerston ",35233,36074
"Richmond Way, Shepherd's Bush",9240,9130
"Rifle Place, Avondale",4422,4326
"Risinghill Street, Angel",4062,7186
"River Street , Clerkenwell",5206,7633
"Riverlight North, Nine Elms",14995,15302
"Riverlight South, Nine Elms",12218,13256
"Rochester Row, Westminster",10017,8718
"Rodney Road , Walworth",11272,12134
"Roscoe Street, St. Luke's",11592,11389
"Rossmore Road, Marylebone",3882,4677
"Royal Avenue 1, Chelsea",7603,7288
"Royal Avenue 2, Chelsea",13212,12897
"Royal College Street, Camden Town",7989,9367
"Royal London Hospital, Whitechapel",25093,25198
"Russell Square Station, Bloomsbury",15171,15437
"Sackville Street, Mayfair",13272,12748
"Sadlers Sports Centre, Finsbury",14380,14824
"Sail Street, Vauxhall",8250,9306
"Salmon Lane, Limehouse",9047,9450
"Saltoun Road, Brixton",10138,8318
"Sancroft Street, Vauxhall",7318,8156
"Sandilands Road, Walham Green",11431,11684
"Santos Road, Wandsworth",1805,2083
"Sardinia Street, Holborn",10904,10723
"Saunders Ness Road, Cubitt Town",9883,8905
"Scala Street, Fitzrovia",8919,8579
"Sea Containers, South Bank",19379,18934
"Sedding Street, Sloane Square",21797,20141
"Selby Street, Whitechapel",4545,4768
"Serpentine Car Park, Hyde Park",38043,38132
"Seville Street, Knightsbridge",14273,13737
"Seymour Place, Marylebone",10771,11167
"Shadwell Station, Shadwell",16816,17823
"Sheepcote Lane, Battersea",6435,6786
"Shoreditch Court, Haggerston",9071,10158
"Shoreditch High Street, Shoreditch",28935,28771
"Shoreditch Park, Hoxton",13879,16321
"Shouldham Street, Marylebone",8493,9136
"Sidney Road, Stockwell",6410,6860
"Silverthorne Road, Battersea",7138,6901
"Simpson Street, Clapham Junction",12066,12084
"Sirdar Road, Avondale",2750,2679
"Sloane Avenue, Knightsbridge",17690,17698
"Smith Square, Westminster",13989,12815
"Smugglers Way, Wandsworth",7045,6919
"Snow Hill, Farringdon",19503,19274
"Snowsfields, London Bridge",16524,15127
"Soho Square , Soho",41297,33396
"Somerset House, Strand",31726,28359
"Sopwith Way, Battersea Park",14430,14212
"South Kensington Station, South Kensington",31537,30549
"South Lambeth Road, Vauxhall",12501,12335
"South Parade, Chelsea",6950,6779
"South Wharf Road, Paddington",24244,26356
"Southampton Place, Holborn",13666,13046
"Southampton Street, Strand",19506,17926
"Southerton Road, Hammersmith",9236,8729
"Southwark Station 1, Southwark",10768,9934
"Southwark Station 2, Southwark",14189,14612
"Southwark Street, Bankside",9336,9003
"Southwick Street, Paddington",11293,12430
"Spanish Road, Clapham Junction",1904,2645
"Spindrift Avenue, Millwall",3666,3503
"St John's Crescent, Brixton",6347,5966
"St. Bride Street, Holborn",26133,21928
"St. Chad's Street, King's Cross",9774,8465
"St. George Street, Mayfair",13070,10728
"St. George's Square, Pimlico",14316,15429
"St. James's Square, St. James's",38812,29867
"St. John Street, Finsbury",6610,7595
"St. John's Road, Clapham Junction",9852,8184
"St. John's Wood Road, St. John's Wood",4386,6351
"St. Katharine's Way, Tower",12305,12516
"St. Luke's Church, Chelsea",11155,11410
"St. Martin's Street, West End",12485,11298
"St. Mary & St. Michael Church, Stepney",3051,3760
"St. Mary Axe, Aldgate",13356,12939
"St. Peter's Terrace, Fulham",13491,13841
"Stamford Street, South Bank",17776,15583
"Stanhope Gate, Mayfair",7675,7354
"Stanley Grove, Battersea",4666,5016
"Star Road, West Kensington",7639,8160
"Stephendale Road, Sands End",15121,15567
"Stepney Green Station, Stepney",17732,17963
"Stewart's Road, Wandsworth Road",4747,5223
"Stockwell Roundabout, Stockwell",3815,3455
"Stonecutter Street, Holborn",5032,4800
"Storey's Gate, Westminster",43636,40143
"Strand, Strand",15254,13912
"Strata, Elephant & Castle",14282,14285
"Sugden Road, Clapham",5087,5844
"Sumner Place, South Kensington",8451,8465
"Surrey Lane, Battersea",7510,7994
"Sutton Street, Shadwell",11925,12904
"Swan Street, The Borough",11377,12019
"Tachbrook Street, Victoria",13309,13763
"Tallis Street, Temple",23546,20995
"Tanner Street, Bermondsey",20469,19690
"Tate Modern, Bankside",20488,19388
"Tavistock Place, Bloomsbury",10873,12119
"Tavistock Street, Covent Garden",20108,16145
"Taviton Street, Bloomsbury",14025,14217
"Teversham Lane, Stockwell",4046,3793
"The Green Bridge, Mile End",20956,21515
"The Guildhall, Guildhall",10102,9341
"The Tennis Courts, The Regent's Park",12026,12028
"Theobald's Road , Holborn",16867,17036
"Thorndike Close, West Chelsea",7571,8337
"Tooley Street, Bermondsey",36288,34018
"Torrens Street, Angel",11937,12379
"Tower Gardens , Tower",31274,28841
"Trebovir Road, Earl's Court",10197,10487
"Triangle Car Park, Hyde Park",35304,35366
"Turquoise Island, Notting Hill",13276,13949
"Tyers Gate, Bermondsey",12313,12086
"Tysoe Street, Clerkenwell",18269,18710
"Union Grove, Wandsworth Road",10200,10869
"Union Street, The Borough",12495,12542
"Upcerne Road, West Chelsea",6340,6949
"Upper Bank Street, Canary Wharf",11880,11378
"Upper Grosvenor Street, Mayfair",4211,4697
"Usk Road, Clapham Junction",6682,6923
"Vauxhall Bridge , Pimlico",7574,7545
"Vauxhall Cross, Vauxhall",27858,27787
"Vauxhall Street, Vauxhall",7890,7789
"Vauxhall Walk, Vauxhall",9261,9221
"Vereker Road, West Kensington",11415,12025
"Vicarage Crescent, Battersea",13782,14178
"Vicarage Gate, Kensington",5158,6019
"Victoria & Albert Museum, South Kensington",13305,12637
"Victoria Park Road, Hackney Central",18128,18462
"Victory Place, Walworth",7181,8420
"Vincent Square, Westminster",5659,5598
"Vincent Street, Pimlico",8775,8920
"Walmer Road, Avondale",4039,4095
"Walnut Tree Walk, Vauxhall",8428,9538
"Walworth Road, Elephant & Castle",17462,16733
"Wandsworth Rd, Isley Court, Wandsworth Road",9962,10545
"Wandsworth Town Station, Wandsworth",12964,12348
"Wapping High Street, Wapping",7690,7717
"Wapping Lane, Wapping",13782,14016
"Wardour Street, Soho",21730,20809
"Warren Street Station, Euston",17854,18523
"Warwick Avenue Station, Maida Vale",13965,14699
"Warwick Road, Olympia",10017,9838
"Warwick Square, Pimlico",10619,12242
"Waterloo Bridge, South Bank",8887,8563
"Waterloo Place, St. James's",19570,17245
"Waterloo Road, South Bank",11528,11377
"Waterloo Station 1, Waterloo",61887,65353
"Waterloo Station 2, Waterloo",24990,37281
"Waterloo Station 3, Waterloo",74256,77287
"Watney Market, Stepney",9278,9687
"Watney Street, Shadwell",15289,16399
"Webber Street , Southwark",10193,11302
"Wellington Arch, Hyde Park",45309,44970
"Wellington Road, St. John's Wood",7052,7951
"Wellington Row, Bethnal Green",11343,12665
"Wellington Street , Strand",26768,24337
"Wells Street, Fitzrovia",17810,17146
"Wendon Street, Old Ford",6415,6695
"Wenlock Road , Hoxton",13083,16086
"West Cromwell Road, Earl's Court",8165,8366
"West Kensington Station, West Kensington",7362,7588
"West Smithfield Rotunda, Farringdon",20091,19543
"Westbourne Grove, Bayswater",12047,12574
"Westbourne Park Road, Portobello",7152,7585
"Westbridge Road, Battersea",18316,19034
"Westferry DLR, Limehouse",16801,14342
"Westfield Southern Terrace ,Shepherd's Bush",6982,6210
"Westminster Bridge Road, Elephant & Castle",3717,4019
"Westminster University, Marylebone",9142,9168
"Whiston Road, Haggerston",7349,9099
"Whitehall Place, Strand",34220,31346
"William IV Street, Strand",31196,25531
"William Morris Way, Sands End",10927,10842
"Windsor Terrace, Hoxton",11542,14300
"Winsland Street, Paddington",16331,17219
"Wood Street, Guildhall",9891,9496
"Woodstock Grove, Shepherd's Bush",16898,16422
"Woodstock Street, Mayfair",7431,7283
"World's End Place, West Chelsea",10495,10586
"Wormwood Street, Liverpool Street",47734,45164
"Wren Street, Holborn",16611,17638
"Wright's Lane, Kensington",18030,17422
"York Hall, Bethnal Green",15086,15581
"York Way, Kings Cross",7190,8369
"Bishop's Avenue, Fulham",10235,9929
"Bradmead, Battersea Park",4711,5175
"Charlbert Street, St. John's Wood",6061,6945
"Fisherman's Walk West, Canary Wharf",9784,9731
"Freston Road, Avondale",4043,4015
"Fulham Park Road, Fulham",8523,8914
"Gloucester Road (Central), South Kensington",8976,9005
"Grenfell Road, Avondale",4026,4055
"Gwendwr Road, West Kensington",5909,6164
"King Edward Street, St Pauls",8352,8427
"Little Brook Green, Brook Green",7363,6971
"South Audley Street, Mayfair",5293,4842
"Spencer Park, Wandsworth Common",2534,2824
"St Martins Close, Camden Town",4587,5400
"St. Mark's Road, North Kensington",8963,8930
"The Vale, Chelsea",14421,14334
"Westfield Ariel Way, White City",8595,7837
"Westfield Library Corner, Shepherd's Bush",9347,9033
"Ackroyd Drive, Bow",6045,6764
"Albert Gardens, Stepney",9476,10330
"Alpha Grove, Millwall",3263,3131
"Antill Road, Mile End",7832,8707
"Aylward Street, Stepney",6569,7652
"Bromley High Street, Bow",4381,4428
"Cadogan Close, Victoria Park",15071,15256
"Canton Street, Poplar",3794,3981
"Castalia Square, Cubitt Town",687,622
"Chrisp Street Market, Poplar",5420,5262
"Copper Box Arena, Queen Elizabeth Olympic Park",3303,3234
"Devons Road, Bow",7093,7276
"Driffield Road, Old Ford",11662,12059
"East Ferry Road, Cubitt Town",3124,2935
"East Village, Queen Elizabeth Olympic Park",11775,11559
"Gunmakers Lane, Old Ford",11247,11745
"Here East South, Queen Elizabeth Olympic Park",4499,4286
"Hermitage Court, Wapping",8511,9193
"Heron Quays DLR, Canary Wharf",5185,5075
"Lindfield Street, Poplar",7586,7749
"Merchant Street, Bow",5120,5631
"Mile End Park Leisure Centre, Mile End",7970,8653
"Mile End Stadium, Mile End",10027,10670
"Millharbour, Millwall",2085,2008
"Monier Road, Hackney Wick",13537,13511
"Naval Row, Blackwall",4173,4112
"New Inn Yard, Shoreditch",18604,17892
"Newby Place, Poplar",3597,3435
"Pennington Street, Wapping",4980,5734
"Podium, Queen Elizabeth Olympic Park",17380,17016
"Preston's Road, Cubitt Town",3003,2961
"Rectory Square, Stepney",5858,6612
"South Quay East, Canary Wharf",857,752
"Stainsby Road , Poplar",6211,6624
"Stratford Station, Stratford",11339,10987
"Twig Folly Bridge, Mile End",12263,13320
"Westferry Circus, Canary Wharf",15404,14682
"Aintree Street, Fulham",10431,11009
"Alma Road, Wandsworth",3030,4106
"Barons Court Station, West Kensington",15487,16626
"Disraeli Road, Putney",6134,5657
"Finlay Street, Fulham",11459,11661
"Ford Road, Old Ford",7741,8128
"Goswell Road (City Uni), Finsbury",6877,7972
"Nevern Place, Earl's Court",7121,7750
"Oxford Road, Putney",3464,3350
"Parsons Green Station, Parsons Green",19718,20281
"Putney Pier, Wandsworth",10598,9690
"Queensbridge Road, Haggerston",6624,8246
"Rainville Road, Hammersmith",11014,11162
"South Park, Sands End",11547,12037
"Blythe Road West, Shepherd's Bush",5302,5526
"Hansard Mews, Holland Park",7177,6593
"Humbolt Road, Fulham",8790,9481
"Manbre Road, Hammersmith",5197,5438
"Russell Gardens, Olympia",4225,4383
"Timber Lodge, Queen Elizabeth Olympic Park",11560,11660
"Lee Valley VeloPark, Queen Elizabeth Olympic Park",11111,11258
"Thurtle road, Haggerston",4846,6398
"Hampstead Road (Cartmel), Euston",3710,4433
"Jubilee Crescent, Cubitt Town",2686,2675
